,accuracy_mean,accuracy_std,f1_mean,f1_std
LogisticRegression,0.64,0.03265986323710903,0.0,0.0
RandomForestClassifier,0.54,0.11623730516108462,0.18095238095238092,0.23406106147513348
